-- phpMyAdmin SQL Dump
-- version 5.2.1
-- https://www.phpmyadmin.net/
--
-- Host: 127.0.0.1
-- Generation Time: Jun 04, 2023 at 04:24 PM
-- Server version: 10.4.28-MariaDB
-- PHP Version: 8.2.4

SET SQL_MODE = "NO_AUTO_VALUE_ON_ZERO";
START TRANSACTION;
SET time_zone = "+00:00";


/*!40101 SET @OLD_CHARACTER_SET_CLIENT=@@CHARACTER_SET_CLIENT */;
/*!40101 SET @OLD_CHARACTER_SET_RESULTS=@@CHARACTER_SET_RESULTS */;
/*!40101 SET @OLD_COLLATION_CONNECTION=@@COLLATION_CONNECTION */;
/*!40101 SET NAMES utf8mb4 */;

--
-- Database: `db_ecommerce`
--

-- --------------------------------------------------------

--
-- Table structure for table `attendance`
--

CREATE TABLE `attendance` (
  `id` int(11) NOT NULL,
  `employee_id` varchar(30) NOT NULL,
  `time_in` varchar(100) NOT NULL,
  `time_out` varchar(100) NOT NULL,
  `time_date` varchar(100) NOT NULL
) ENGINE=InnoDB DEFAULT CHARSET=utf8mb4 COLLATE=utf8mb4_general_ci;

-- --------------------------------------------------------

--
-- Table structure for table `categories`
--

CREATE TABLE `categories` (
  `id` int(11) NOT NULL,
  `name` varchar(30) NOT NULL,
  `slug` varchar(100) NOT NULL,
  `status` tinyint(1) NOT NULL DEFAULT 1
) ENGINE=InnoDB DEFAULT CHARSET=utf8mb4 COLLATE=utf8mb4_general_ci;

-- --------------------------------------------------------

--
-- Table structure for table `category_products`
--

CREATE TABLE `category_products` (
  `id` int(11) NOT NULL,
  `category_id` int(11) NOT NULL,
  `product_id` int(11) NOT NULL
) ENGINE=InnoDB DEFAULT CHARSET=utf8mb4 COLLATE=utf8mb4_general_ci;

-- --------------------------------------------------------

--
-- Table structure for table `collections`
--

CREATE TABLE `collections` (
  `id` int(11) NOT NULL,
  `title` varchar(100) NOT NULL,
  `slug` varchar(100) NOT NULL,
  `status` tinyint(1) NOT NULL DEFAULT 1,
  `created_at` datetime NOT NULL,
  `updated_at` datetime NOT NULL
) ENGINE=InnoDB DEFAULT CHARSET=utf8mb4 COLLATE=utf8mb4_general_ci;

-- --------------------------------------------------------

--
-- Table structure for table `collection_products`
--

CREATE TABLE `collection_products` (
  `id` int(11) NOT NULL,
  `collection_id` int(11) NOT NULL,
  `product_id` int(11) NOT NULL,
  `collection_prio` int(11) NOT NULL,
  `product_prio` int(11) NOT NULL
) ENGINE=InnoDB DEFAULT CHARSET=utf8mb4 COLLATE=utf8mb4_general_ci;

-- --------------------------------------------------------

--
-- Table structure for table `employees`
--

CREATE TABLE `employees` (
  `id` int(11) NOT NULL,
  `username` varchar(200) NOT NULL,
  `password` varchar(200) NOT NULL,
  `default_picture` varchar(300) DEFAULT NULL,
  `name` varchar(200) NOT NULL,
  `email` varchar(100) DEFAULT NULL,
  `contact_number` varchar(20) DEFAULT NULL,
  `employee_role_id` int(11) DEFAULT 1,
  `created_at` datetime NOT NULL,
  `updated_at` datetime NOT NULL
) ENGINE=InnoDB DEFAULT CHARSET=utf8mb4 COLLATE=utf8mb4_general_ci;

-- --------------------------------------------------------

--
-- Table structure for table `employee_roles`
--

CREATE TABLE `employee_roles` (
  `id` int(11) NOT NULL,
  `name` varchar(200) NOT NULL
) ENGINE=InnoDB DEFAULT CHARSET=utf8mb4 COLLATE=utf8mb4_general_ci;

-- --------------------------------------------------------

--
-- Table structure for table `messagein`
--

CREATE TABLE `messagein` (
  `Id` int(11) NOT NULL,
  `SendTime` datetime DEFAULT NULL,
  `ReceiveTime` datetime DEFAULT NULL,
  `MessageFrom` varchar(80) DEFAULT NULL,
  `MessageTo` varchar(80) DEFAULT NULL,
  `SMSC` varchar(80) DEFAULT NULL,
  `MessageText` text DEFAULT NULL,
  `MessageType` varchar(80) DEFAULT NULL,
  `MessageParts` int(11) DEFAULT NULL,
  `MessagePDU` text DEFAULT NULL,
  `Gateway` varchar(80) DEFAULT NULL,
  `UserId` varchar(80) DEFAULT NULL
) ENGINE=InnoDB DEFAULT CHARSET=utf8mb4 COLLATE=utf8mb4_general_ci;

--
-- Dumping data for table `messagein`
--

INSERT INTO `messagein` (`Id`, `SendTime`, `ReceiveTime`, `MessageFrom`, `MessageTo`, `SMSC`, `MessageText`, `MessageType`, `MessageParts`, `MessagePDU`, `Gateway`, `UserId`) VALUES
(1, '2017-11-02 05:19:29', NULL, '211', '+639305235027', NULL, '0B05040B8423F00003FB0302,870906890101C651018715060350524F585932000187070603534D415254204D4D530001C65201872F060350524F5859325F3100018720060331302E3130322E36312E343600018721068501872206034E4150475052535F320001C6530187230603383038300001010101C600015501873606037734000187070603534D4152', NULL, NULL, NULL, NULL, NULL),
(2, '2017-11-02 05:19:34', NULL, '211', '+639305235027', NULL, '0B05040B8423F00003FB0303,54204D4D5300018739060350524F585932000187340603687474703A2F2F31302E3130322E36312E3233383A383030322F00010101', NULL, NULL, NULL, NULL, NULL),
(3, '2017-11-02 05:19:14', NULL, '211', '+639305235027', NULL, '0B05040B8423F00003FA0201,6C062F1F2DB69180923646443032463643313042394231363544354242413143304143413232424334343239453236423600030B6A00C54503312E310001C6560187070603534D41525420494E5445524E4554000101C65501871106034E4150475052535F330001871006AB0187070603534D41525420494E5445524E455400', NULL, NULL, NULL, NULL, NULL),
(4, '2017-11-02 05:19:19', NULL, '211', '+639305235027', NULL, '0B05040B8423F00003FA0202,0187140187080603696E7465726E65740001870906890101C600015501873606037732000187070603534D41525420494E5445524E45540001872206034E4150475052535F330001C65901873A0603687474703A2F2F6D2E736D6172742E636F6D2E7068000187070603484F4D450001871C01010101', NULL, NULL, NULL, NULL, NULL),
(5, '2017-11-02 05:19:24', NULL, '211', '+639305235027', NULL, '0B05040B8423F00003FB0301,6D062F1F2DB69180923432373832413042464145313131463335303137323744303141433530304134373930423843334500030B6A00C54503312E310001C6560187070603534D415254204D4D53000101C65501871106034E4150475052535F320001871006AB0187070603534D415254204D4D530001870806036D6D730001', NULL, NULL, NULL, NULL, NULL),
(6, '2017-11-02 05:19:29', NULL, '211', '+639305235027', NULL, '0B05040B8423F00003FB0302,870906890101C651018715060350524F585932000187070603534D415254204D4D530001C65201872F060350524F5859325F3100018720060331302E3130322E36312E343600018721068501872206034E4150475052535F320001C6530187230603383038300001010101C600015501873606037734000187070603534D4152', NULL, NULL, NULL, NULL, NULL);

-- --------------------------------------------------------

--
-- Table structure for table `messagelog`
--

CREATE TABLE `messagelog` (
  `Id` int(11) NOT NULL,
  `SendTime` datetime DEFAULT NULL,
  `ReceiveTime` datetime DEFAULT NULL,
  `StatusCode` int(11) DEFAULT NULL,
  `StatusText` varchar(80) DEFAULT NULL,
  `MessageTo` varchar(80) DEFAULT NULL,
  `MessageFrom` varchar(80) DEFAULT NULL,
  `MessageText` text DEFAULT NULL,
  `MessageType` varchar(80) DEFAULT NULL,
  `MessageId` varchar(80) DEFAULT NULL,
  `ErrorCode` varchar(80) DEFAULT NULL,
  `ErrorText` varchar(80) DEFAULT NULL,
  `Gateway` varchar(80) DEFAULT NULL,
  `MessageParts` int(11) DEFAULT NULL,
  `MessagePDU` text DEFAULT NULL,
  `Connector` varchar(80) DEFAULT NULL,
  `UserId` varchar(80) DEFAULT NULL,
  `UserInfo` text DEFAULT NULL
) ENGINE=InnoDB DEFAULT CHARSET=utf8mb4 COLLATE=utf8mb4_general_ci;

--
-- Dumping data for table `messagelog`
--

INSERT INTO `messagelog` (`Id`, `SendTime`, `ReceiveTime`, `StatusCode`, `StatusText`, `MessageTo`, `MessageFrom`, `MessageText`, `MessageType`, `MessageId`, `ErrorCode`, `ErrorText`, `Gateway`, `MessageParts`, `MessagePDU`, `Connector`, `UserId`, `UserInfo`) VALUES
(1, '2018-01-27 20:38:08', NULL, 300, NULL, '09305235027', 'Hello Poh', NULL, NULL, '', NULL, NULL, NULL, NULL, NULL, NULL, NULL, NULL),
(2, '2018-01-27 20:39:06', NULL, 300, NULL, '09305235027', 'Hello Poh', NULL, NULL, '', NULL, NULL, NULL, NULL, NULL, NULL, NULL, NULL),
(3, '2018-01-27 20:49:14', NULL, 300, NULL, '09305235027', 'hi poh', NULL, NULL, '', NULL, NULL, NULL, NULL, NULL, NULL, NULL, NULL),
(4, '2018-01-27 20:50:56', NULL, 300, NULL, '09508767867', 'hi poh', NULL, NULL, '', NULL, NULL, NULL, NULL, NULL, NULL, NULL, NULL),
(5, '2018-02-09 17:52:26', NULL, 300, NULL, '09486457414', 'Test to send', NULL, NULL, '', NULL, NULL, NULL, NULL, NULL, NULL, NULL, NULL),
(6, '2018-02-09 17:54:27', NULL, 300, NULL, '09486457414', 'Test to send', NULL, NULL, '', NULL, NULL, NULL, NULL, NULL, NULL, NULL, NULL),
(7, '2018-02-09 17:55:11', NULL, 300, NULL, '09486457414', 'Test to send', NULL, NULL, '', NULL, NULL, NULL, NULL, NULL, NULL, NULL, NULL),
(8, '2018-02-09 17:59:11', NULL, 300, NULL, '09486457414', 'Test to send', NULL, NULL, '', NULL, NULL, NULL, NULL, NULL, NULL, NULL, NULL),
(9, '2018-02-09 18:00:12', NULL, 200, NULL, '+639486457414', 'yes', NULL, NULL, '1:+639486457414:35', NULL, NULL, NULL, NULL, NULL, NULL, NULL, NULL),
(10, '2018-02-09 18:01:12', NULL, 200, NULL, '+639486457414', 'Test to send', NULL, NULL, '1:+639486457414:36', NULL, NULL, NULL, NULL, NULL, NULL, NULL, NULL),
(11, '2018-02-09 18:02:58', NULL, 200, NULL, '+639486457414', 'FROM JANNO : Confirmed', NULL, NULL, '1:+639486457414:37', NULL, NULL, NULL, NULL, NULL, NULL, NULL, NULL),
(12, '2018-02-09 18:05:22', NULL, 200, NULL, '+639486457414', 'FROM Bachelor of Science and Entrepreneurs : Your order has been .Confirmed', NULL, NULL, '1:+639486457414:38', NULL, NULL, NULL, NULL, NULL, NULL, NULL, NULL),
(13, '2018-02-09 18:08:14', NULL, 200, NULL, '+639486457414', 'FROM Bachelor of Science and Entrepreneurs : Your order has been .Confirmed', NULL, NULL, '1:+639486457414:39', NULL, NULL, NULL, NULL, NULL, NULL, NULL, NULL),
(14, '2018-02-09 18:21:41', NULL, 200, NULL, '+639486457414', 'FROM Bachelor of Science and Entrepreneurs : Your order has been .Confirmed', NULL, NULL, '1:+639486457414:40', NULL, NULL, NULL, NULL, NULL, NULL, NULL, NULL),
(15, '2018-04-01 22:17:34', NULL, 300, NULL, '09123586545', 'Your code is .6048', NULL, NULL, '', NULL, NULL, NULL, NULL, NULL, NULL, NULL, NULL),
(16, '2018-04-01 22:18:20', NULL, 300, NULL, '09123586545', 'Your code is .9305', NULL, NULL, '', NULL, NULL, NULL, NULL, NULL, NULL, NULL, NULL),
(17, '2018-04-01 22:20:15', NULL, 300, NULL, '09123586545', 'Your code is .2924', NULL, NULL, '', NULL, NULL, NULL, NULL, NULL, NULL, NULL, NULL),
(18, '2018-04-01 22:42:36', NULL, 300, NULL, '09123586545', 'Your code is .6938', NULL, NULL, '', NULL, NULL, NULL, NULL, NULL, NULL, NULL, NULL),
(19, '2018-04-02 00:40:53', NULL, 300, NULL, '9956112920', 'Your code is .7290', NULL, NULL, '', NULL, NULL, NULL, NULL, NULL, NULL, NULL, NULL),
(20, '2018-04-02 00:42:14', NULL, 300, NULL, '9956112920', 'Your code is .4506', NULL, NULL, '', NULL, NULL, NULL, NULL, NULL, NULL, NULL, NULL),
(21, '2018-04-02 00:43:46', NULL, 300, NULL, '9956112920', 'Your code is .4506', NULL, NULL, '', NULL, NULL, NULL, NULL, NULL, NULL, NULL, NULL),
(22, '2018-04-02 00:45:56', NULL, 300, NULL, '09956112920', 'Your code is .6988', NULL, NULL, '', NULL, NULL, NULL, NULL, NULL, NULL, NULL, NULL),
(23, '2018-04-02 00:47:17', NULL, 300, NULL, '09956112920', 'Your code is .4380', NULL, NULL, '', NULL, NULL, NULL, NULL, NULL, NULL, NULL, NULL),
(24, '2018-04-02 00:48:53', NULL, 200, NULL, '639956112920', 'Your code is .5936', NULL, NULL, '1:639956112920:129', NULL, NULL, NULL, NULL, NULL, NULL, NULL, NULL),
(25, '2018-04-02 00:50:29', NULL, 200, NULL, '639956112920', 'Your code is .5349', NULL, NULL, '1:639956112920:130', NULL, NULL, NULL, NULL, NULL, NULL, NULL, NULL),
(26, '2018-04-02 00:53:32', NULL, 200, NULL, '639956112920', 'Your code is', NULL, NULL, '1:639956112920:131', NULL, NULL, NULL, NULL, NULL, NULL, NULL, NULL),
(27, '2018-04-02 00:54:43', NULL, 200, NULL, '639956112920', 'Your code is 3407', NULL, NULL, '1:639956112920:132', NULL, NULL, NULL, NULL, NULL, NULL, NULL, NULL);

-- --------------------------------------------------------

--
-- Table structure for table `messageout`
--

CREATE TABLE `messageout` (
  `Id` int(11) NOT NULL,
  `MessageTo` varchar(80) DEFAULT NULL,
  `MessageFrom` varchar(80) DEFAULT NULL,
  `MessageText` text DEFAULT NULL,
  `MessageType` varchar(80) DEFAULT NULL,
  `Gateway` varchar(80) DEFAULT NULL,
  `UserId` varchar(80) DEFAULT NULL,
  `UserInfo` text DEFAULT NULL,
  `Priority` int(11) DEFAULT NULL,
  `Scheduled` datetime DEFAULT NULL,
  `ValidityPeriod` int(11) DEFAULT NULL,
  `IsSent` tinyint(1) NOT NULL DEFAULT 0,
  `IsRead` tinyint(1) NOT NULL DEFAULT 0
) ENGINE=InnoDB DEFAULT CHARSET=utf8mb4 COLLATE=utf8mb4_general_ci;

-- --------------------------------------------------------

--
-- Table structure for table `orders`
--

CREATE TABLE `orders` (
  `id` int(11) NOT NULL,
  `user_id` int(11) DEFAULT NULL,
  `order_name` varchar(100) DEFAULT NULL,
  `sub_total` int(11) NOT NULL,
  `shipping_fee` int(11) NOT NULL,
  `total` int(11) NOT NULL,
  `delivery_date` varchar(100) DEFAULT NULL,
  `delivery_time` varchar(100) DEFAULT NULL,
  `payment_status_id` int(11) DEFAULT NULL,
  `payment_method` varchar(255) NOT NULL,
  `order_status_id` tinyint(1) DEFAULT 1,
  `created_at` datetime NOT NULL,
  `updated_at` datetime NOT NULL
) ENGINE=InnoDB DEFAULT CHARSET=utf8mb4 COLLATE=utf8mb4_general_ci;

-- --------------------------------------------------------

--
-- Table structure for table `order_status`
--

CREATE TABLE `order_status` (
  `id` int(11) NOT NULL,
  `name` varchar(255) NOT NULL
) ENGINE=InnoDB DEFAULT CHARSET=utf8mb4 COLLATE=utf8mb4_general_ci;

-- --------------------------------------------------------

--
-- Table structure for table `payment_status`
--

CREATE TABLE `payment_status` (
  `id` int(11) NOT NULL,
  `name` varchar(255) NOT NULL
) ENGINE=InnoDB DEFAULT CHARSET=utf8mb4 COLLATE=utf8mb4_general_ci;

-- --------------------------------------------------------

--
-- Table structure for table `products`
--

CREATE TABLE `products` (
  `id` int(11) NOT NULL,
  `name` varchar(100) NOT NULL,
  `slug` varchar(255) NOT NULL,
  `type` varchar(255) NOT NULL,
  `description` varchar(300) NOT NULL,
  `parts` varchar(300) NOT NULL,
  `tags` varchar(255) DEFAULT NULL,
  `regular_price` int(11) NOT NULL,
  `stock` int(11) NOT NULL,
  `discount_price` int(11) NOT NULL,
  `total_review` int(11) NOT NULL DEFAULT 0,
  `avg_review` int(11) NOT NULL DEFAULT 0,
  `published` tinyint(1) DEFAULT NULL,
  `created_at` datetime NOT NULL,
  `updated_at` datetime NOT NULL
) ENGINE=InnoDB DEFAULT CHARSET=utf8mb4 COLLATE=utf8mb4_general_ci;

-- --------------------------------------------------------

--
-- Table structure for table `tblautonumber`
--

CREATE TABLE `tblautonumber` (
  `ID` int(11) NOT NULL,
  `AUTOSTART` varchar(11) NOT NULL,
  `AUTOINC` int(11) NOT NULL,
  `AUTOEND` int(11) NOT NULL,
  `AUTOKEY` varchar(12) NOT NULL,
  `AUTONUM` int(30) NOT NULL
) ENGINE=InnoDB DEFAULT CHARSET=latin1 COLLATE=latin1_swedish_ci;

--
-- Dumping data for table `tblautonumber`
--

INSERT INTO `tblautonumber` (`ID`, `AUTOSTART`, `AUTOINC`, `AUTOEND`, `AUTOKEY`, `AUTONUM`) VALUES
(1, '2017', 1, 48, 'PROID', 10),
(2, '0', 1, 95, 'ordernumber', 0);

-- --------------------------------------------------------

--
-- Table structure for table `tblcategory`
--

CREATE TABLE `tblcategory` (
  `CATEGID` int(11) NOT NULL,
  `CATEGORIES` varchar(255) NOT NULL,
  `USERID` int(11) NOT NULL
) ENGINE=InnoDB DEFAULT CHARSET=latin1 COLLATE=latin1_swedish_ci;

--
-- Dumping data for table `tblcategory`
--

INSERT INTO `tblcategory` (`CATEGID`, `CATEGORIES`, `USERID`) VALUES
(5, 'SHOES', 0),
(11, 'BAGS', 0),
(12, 'CLOTHING', 0),
(19, 'SPORTSWEAR', 0),
(20, 'Test Cat', 0),
(21, 'XX', 0);

-- --------------------------------------------------------

--
-- Table structure for table `tblcustomer`
--

CREATE TABLE `tblcustomer` (
  `id` int(11) NOT NULL,
  `FNAME` varchar(30) NOT NULL,
  `LNAME` varchar(30) NOT NULL,
  `MNAME` varchar(30) NOT NULL,
  `CUSHOMENUM` varchar(90) NOT NULL,
  `STREETADD` text NOT NULL,
  `BRGYADD` text NOT NULL,
  `CITYADD` text NOT NULL,
  `PROVINCE` varchar(80) NOT NULL,
  `COUNTRY` varchar(30) NOT NULL,
  `DBIRTH` date NOT NULL,
  `GENDER` varchar(10) NOT NULL,
  `PHONE` varchar(20) NOT NULL,
  `EMAILADD` varchar(40) NOT NULL,
  `ZIPCODE` int(6) NOT NULL,
  `CUSUNAME` varchar(20) NOT NULL,
  `CUSPASS` varchar(90) NOT NULL,
  `CUSPHOTO` varchar(255) NOT NULL,
  `TERMS` tinyint(4) NOT NULL,
  `DATEJOIN` date NOT NULL,
  `created_at` datetime NOT NULL DEFAULT current_timestamp(),
  `updated_at` datetime NOT NULL DEFAULT current_timestamp()
) ENGINE=InnoDB DEFAULT CHARSET=latin1 COLLATE=latin1_swedish_ci;

--
-- Dumping data for table `tblcustomer`
--

INSERT INTO `tblcustomer` (`id`, `FNAME`, `LNAME`, `MNAME`, `CUSHOMENUM`, `STREETADD`, `BRGYADD`, `CITYADD`, `PROVINCE`, `COUNTRY`, `DBIRTH`, `GENDER`, `PHONE`, `EMAILADD`, `ZIPCODE`, `CUSUNAME`, `CUSPASS`, `CUSPHOTO`, `TERMS`, `DATEJOIN`, `created_at`, `updated_at`) VALUES
(25, 'GABRIELLE', 'CORDERO', '', '', '', '', 'AGONCILLIO St Ibabao', '', '', '0000-00-00', 'Female', '09618100', '', 0, 'gab', '$2a$10$ezCE1CuGLSLoCpBSyJ7rIe4JkEUC.ILnBvc6BJGRLKVOkyCaoWqKW', '', 0, '0000-00-00', '2023-06-02 20:19:30', '2023-06-02 20:19:30'),
(26, 'GABRIELLE', 'CORDERO', '', '', '', '', 'CUENCA', '', '', '0000-00-00', 'Male', '09618100128', '', 0, 'test', '9bc34549d565d9505b287de0cd20ac77be1d3f2c', '', 1, '2023-06-03', '2023-06-03 10:33:54', '2023-06-03 10:33:54'),
(27, 'Yvan', 'Services', '', '', '', '', 'CUENCA', '', '', '0000-00-00', 'Male', '09618100128', '', 0, 'first', '83b3fe3b58a8e84f0935f1e0fbc260e7545a75de', '', 1, '2023-06-03', '2023-06-03 10:34:26', '2023-06-03 10:34:26'),
(28, 'GABRIELLE', 'CORDERO', '', '', '', '', 'CUENCA', '', '', '0000-00-00', 'Male', '09618100128', '', 0, 'gab', '9bc34549d565d9505b287de0cd20ac77be1d3f2c', '', 1, '2023-06-03', '2023-06-03 19:03:25', '2023-06-03 19:03:25'),
(29, 'Yvan', 'Services', '', '', '', '', 'AGONCILLIO St Ibabao', '', '', '0000-00-00', 'Male', '09618100128', '', 0, 'reyn', '$2a$10$u1L6bFnfoIiF8JWUsqhZ5e2PTr3f7dV/SdXdtscGd8FWIZboGX6zW', '', 0, '0000-00-00', '2023-06-03 18:12:39', '2023-06-03 18:12:39'),
(30, 'Kobe', 'Bryant', '', '', '', '', 'Lakers', '', '', '0000-00-00', 'Male', '09618100128', '', 0, 'kobe', '$2a$10$hkKMrWuPXW44reQR0q.4xug2YRQfBEB8nbVHRxYVXFxO0H/6b2vmq', '', 0, '0000-00-00', '2023-06-04 09:21:32', '2023-06-04 09:21:32');

-- --------------------------------------------------------

--
-- Table structure for table `tblorder`
--

CREATE TABLE `tblorder` (
  `ORDERID` int(11) NOT NULL,
  `PROID` int(11) NOT NULL,
  `ORDEREDQTY` int(11) NOT NULL,
  `ORDEREDPRICE` double NOT NULL,
  `ORDEREDNUM` int(11) NOT NULL,
  `USERID` int(11) NOT NULL,
  `created_at` timestamp NOT NULL DEFAULT current_timestamp(),
  `updated_at` timestamp NOT NULL DEFAULT current_timestamp()
) ENGINE=InnoDB DEFAULT CHARSET=latin1 COLLATE=latin1_swedish_ci;

--
-- Dumping data for table `tblorder`
--

INSERT INTO `tblorder` (`ORDERID`, `PROID`, `ORDEREDQTY`, `ORDEREDPRICE`, `ORDEREDNUM`, `USERID`, `created_at`, `updated_at`) VALUES
(1, 201737, 4, 476, 93, 25, '2023-06-03 02:16:17', '2023-06-03 02:16:17'),
(2, 201740, 3, 447, 93, 25, '2023-06-03 02:16:17', '2023-06-03 02:16:17'),
(3, 201738, 1, 199, 94, 25, '2023-06-03 02:16:17', '2023-06-03 02:16:17'),
(45, 201746, 1, 600, 95, 25, '2023-06-03 09:58:28', '2023-06-03 09:58:28'),
(46, 201747, 3, 5000, 95, 25, '2023-06-03 09:58:28', '2023-06-03 09:58:28'),
(47, 201744, 1, 800, 95, 25, '2023-06-03 09:58:28', '2023-06-03 09:58:28'),
(48, 201746, 1, 600, 96, 25, '2023-06-03 10:13:15', '2023-06-03 10:13:15'),
(49, 201747, 3, 5000, 96, 25, '2023-06-03 10:13:15', '2023-06-03 10:13:15'),
(50, 201744, 1, 800, 96, 25, '2023-06-03 10:13:15', '2023-06-03 10:13:15'),
(51, 201746, 1, 600, 97, 25, '2023-06-03 10:15:31', '2023-06-03 10:15:31'),
(52, 201747, 3, 5000, 97, 25, '2023-06-03 10:15:31', '2023-06-03 10:15:31'),
(53, 201744, 1, 800, 97, 25, '2023-06-03 10:15:31', '2023-06-03 10:15:31'),
(54, 201747, 2, 5000, 98, 29, '2023-06-03 18:12:48', '2023-06-03 18:12:48'),
(55, 201744, 1, 800, 99, 30, '2023-06-04 09:23:08', '2023-06-04 09:23:08'),
(56, 201747, 3, 5000, 99, 30, '2023-06-04 09:23:08', '2023-06-04 09:23:08'),
(57, 201754, 1, 5000, 99, 30, '2023-06-04 09:23:08', '2023-06-04 09:23:08');

-- --------------------------------------------------------

--
-- Table structure for table `tblproduct`
--

CREATE TABLE `tblproduct` (
  `PROID` int(11) NOT NULL,
  `PRODESC` varchar(255) DEFAULT NULL,
  `ingredients` varchar(255) NOT NULL,
  `PROQTY` int(11) DEFAULT NULL,
  `ORIGINALPRICE` double NOT NULL,
  `PROPRICE` double DEFAULT NULL,
  `CATEGID` int(11) DEFAULT NULL,
  `IMAGES` varchar(255) DEFAULT NULL,
  `PROSTATS` varchar(30) DEFAULT NULL,
  `OWNERNAME` varchar(90) NOT NULL,
  `OWNERPHONE` varchar(90) NOT NULL,
  `created_at` timestamp NOT NULL DEFAULT current_timestamp(),
  `updated_at` timestamp NOT NULL DEFAULT current_timestamp()
) ENGINE=InnoDB DEFAULT CHARSET=latin1 COLLATE=latin1_swedish_ci;

--
-- Dumping data for table `tblproduct`
--

INSERT INTO `tblproduct` (`PROID`, `PRODESC`, `ingredients`, `PROQTY`, `ORIGINALPRICE`, `PROPRICE`, `CATEGID`, `IMAGES`, `PROSTATS`, `OWNERNAME`, `OWNERPHONE`, `created_at`, `updated_at`) VALUES
(201739, '4Color Men′S Denim Pants STRETCHABLE Skinny Black/Blue', '', 5, 250, 289, 18, 'jeans.jpg', 'Available', 'janobe', '', '2023-06-03 15:34:47', '2023-06-03 15:34:47'),
(201740, 'SIMPLE Fashion Men`S Casual T Shirt Short Sleeve Round neck Top', '', 1, 100, 149, 18, 'shirt.jpg', 'Available', 'janobe', '', '2023-06-03 15:34:47', '2023-06-03 15:34:47'),
(201741, 'ICM #T146 BESTSELLER TOPS TSHIRT FOR MEN', '', 4, 50, 89, 18, 'shirt2.jpg', 'Available', 'janobe', '', '2023-06-03 15:34:47', '2023-06-03 15:34:47'),
(201742, 'CJY-001 Coat Rack Creative Simple CoatRack Bedroom Wardrobe (Gray)', '', 4, 250, 287, 14, 'bed.jpeg', 'Available', 'janobe', '', '2023-06-03 15:34:47', '2023-06-03 15:34:47'),
(201743, 'Regatta', '', 50, 300, 300, 12, 'regatta.jpg', 'Available', 'Dave', '0999999999', '2023-06-03 15:34:47', '2023-06-03 15:34:47'),
(201744, 'Nike                                            ', '', 13, 800, 800, 11, 'nike bag.png', 'Available', 'Dave', '0999999999', '2023-06-03 15:34:47', '2023-06-03 15:34:47'),
(201745, 'Kevin Durant', '', 49, 1500, 1500, 19, 'kd.jpg', 'Available', 'Dave', '0999999999', '2023-06-03 15:34:47', '2023-06-03 15:34:47'),
(201746, 'lakers', '', 100, 600, 600, 19, 'lbj.webp', 'Available', 'Dave', '0999999999', '2023-06-03 15:34:47', '2023-06-03 15:34:47'),
(201747, 'werk', '', 5, 500, 5000, 5, '1685809241524-AatwyBq.Ez.jpeg', 'Available', 'Tekna', '639655821448', '2023-06-03 15:34:47', '2023-06-03 15:34:47'),
(201754, 'dawd', '', 5, 5000, 5000, 5, '1685807074174-tK.9wFXudR.jpeg', 'Available', 'test', '12345', '2023-06-03 15:44:34', '2023-06-03 15:44:34'),
(201755, 'xx', '', 5, 54, 454, 11, '1685809241524-AatwyBq.Ez.jpeg', 'Available', 'xxx', '09194551171', '2023-06-03 16:20:41', '2023-06-03 16:20:41'),
(201756, 'Test Product', '', 6, 500, 1000, 19, '1685870705615-UNeO.LczvL.jpeg', 'Available', 'Testing', '09194551171', '2023-06-04 09:25:05', '2023-06-04 09:25:05');

-- --------------------------------------------------------

--
-- Table structure for table `tblpromopro`
--

CREATE TABLE `tblpromopro` (
  `PROMOID` int(11) NOT NULL,
  `PROID` int(11) NOT NULL,
  `PRODISCOUNT` double NOT NULL,
  `PRODISPRICE` double NOT NULL,
  `PROBANNER` tinyint(4) NOT NULL,
  `PRONEW` tinyint(4) NOT NULL,
  `created_at` timestamp NOT NULL DEFAULT current_timestamp(),
  `updated_at` timestamp NOT NULL DEFAULT current_timestamp()
) ENGINE=InnoDB DEFAULT CHARSET=latin1 COLLATE=latin1_swedish_ci;

--
-- Dumping data for table `tblpromopro`
--

INSERT INTO `tblpromopro` (`PROMOID`, `PROID`, `PRODISCOUNT`, `PRODISPRICE`, `PROBANNER`, `PRONEW`, `created_at`, `updated_at`) VALUES
(3, 201739, 0, 289, 0, 0, '2023-06-03 15:30:12', '2023-06-03 15:30:12'),
(4, 201740, 0, 149, 0, 0, '2023-06-03 15:30:12', '2023-06-03 15:30:12'),
(5, 201741, 0, 89, 0, 0, '2023-06-03 15:30:12', '2023-06-03 15:30:12'),
(6, 201742, 0, 287, 0, 0, '2023-06-03 15:30:12', '2023-06-03 15:30:12'),
(7, 201743, 0, 300, 0, 0, '2023-06-03 15:30:12', '2023-06-03 15:30:12'),
(8, 201744, 0, 800, 0, 0, '2023-06-03 15:30:12', '2023-06-03 15:30:12'),
(9, 201745, 0, 1500, 0, 0, '2023-06-03 15:30:12', '2023-06-03 15:30:12'),
(10, 201746, 0, 600, 0, 0, '2023-06-03 15:30:12', '2023-06-03 15:30:12'),
(11, 201747, 0, 5000, 0, 0, '2023-06-03 15:30:12', '2023-06-03 15:30:12'),
(13, 201754, 0, 5000, 0, 0, '2023-06-03 15:44:34', '2023-06-03 15:44:34'),
(14, 201755, 0, 454, 0, 0, '2023-06-03 16:20:41', '2023-06-03 16:20:41'),
(15, 201756, 0, 1000, 0, 0, '2023-06-04 09:25:05', '2023-06-04 09:25:05');

-- --------------------------------------------------------

--
-- Table structure for table `tblsetting`
--

CREATE TABLE `tblsetting` (
  `SETTINGID` int(11) NOT NULL,
  `PLACE` text NOT NULL,
  `BRGY` varchar(90) NOT NULL,
  `DELPRICE` double NOT NULL
) ENGINE=InnoDB DEFAULT CHARSET=latin1 COLLATE=latin1_swedish_ci;

--
-- Dumping data for table `tblsetting`
--

INSERT INTO `tblsetting` (`SETTINGID`, `PLACE`, `BRGY`, `DELPRICE`) VALUES
(1, 'Kabankalan City', 'Brgy. 1', 50),
(2, 'Himamaylan City', 'Brgy. 1', 70);

-- --------------------------------------------------------

--
-- Table structure for table `tblstockin`
--

CREATE TABLE `tblstockin` (
  `STOCKINID` int(11) NOT NULL,
  `STOCKDATE` datetime DEFAULT NULL,
  `PROID` int(11) DEFAULT NULL,
  `STOCKQTY` int(11) DEFAULT NULL,
  `STOCKPRICE` double DEFAULT NULL,
  `USERID` int(11) DEFAULT NULL
) ENGINE=InnoDB DEFAULT CHARSET=latin1 COLLATE=latin1_swedish_ci;

-- --------------------------------------------------------

--
-- Table structure for table `tblsummary`
--

CREATE TABLE `tblsummary` (
  `SUMMARYID` int(11) NOT NULL,
  `ORDEREDDATE` varchar(255) NOT NULL,
  `CUSTOMERID` int(11) NOT NULL,
  `ORDEREDNUM` int(11) NOT NULL,
  `DELFEE` double NOT NULL,
  `PAYMENT` double NOT NULL,
  `PAYMENTMETHOD` varchar(30) NOT NULL,
  `ORDEREDSTATS` varchar(30) NOT NULL,
  `ORDEREDREMARKS` varchar(125) NOT NULL,
  `CLAIMEDADTE` datetime NOT NULL,
  `HVIEW` tinyint(4) NOT NULL,
  `USERID` int(11) NOT NULL,
  `created_at` timestamp NOT NULL DEFAULT current_timestamp(),
  `updated_at` timestamp NOT NULL DEFAULT current_timestamp()
) ENGINE=InnoDB DEFAULT CHARSET=latin1 COLLATE=latin1_swedish_ci;

--
-- Dumping data for table `tblsummary`
--

INSERT INTO `tblsummary` (`SUMMARYID`, `ORDEREDDATE`, `CUSTOMERID`, `ORDEREDNUM`, `DELFEE`, `PAYMENT`, `PAYMENTMETHOD`, `ORDEREDSTATS`, `ORDEREDREMARKS`, `CLAIMEDADTE`, `HVIEW`, `USERID`, `created_at`, `updated_at`) VALUES
(1, '2019-08-21 06:24:24', 25, 93, 0, 0, 'Cash on Delivery', 'Pending', 'Your order is on process.', '0000-00-00 00:00:00', 1, 25, '2023-06-03 02:25:21', '2023-06-03 02:25:21'),
(3, '2019-08-21 06:27:09', 25, 94, 70, 269, 'Cash on Delivery', 'Confirmed', 'Your order has been confirmed.', '2019-08-21 00:00:00', 1, 25, '2023-06-03 02:25:21', '2023-06-03 02:25:21'),
(14, '2023-06-03 17:58:28', 25, 95, 0, 16400, 'Cash on delivery', 'Pending', 'Your order is on process.', '0000-00-00 00:00:00', 0, 1, '2023-06-03 09:58:28', '2023-06-03 09:58:28'),
(15, '2023-06-03 10:13:15', 25, 96, 0, 16400, 'Cash on delivery', 'Confirmed', 'Your order has been confirmed.', '0000-00-00 00:00:00', 0, 1, '2023-06-03 10:13:15', '2023-06-03 10:13:15'),
(16, '2023-06-03 18:15:31', 25, 97, 0, 16400, 'Cash on delivery', 'Pending', 'Your order is on process.', '0000-00-00 00:00:00', 0, 1, '2023-06-03 10:15:31', '2023-06-03 10:15:31'),
(17, '2023-06-03 02:12:48', 29, 98, 0, 10000, 'Cash on delivery', 'Confirmed', 'Your order has been confirmed.', '0000-00-00 00:00:00', 0, 1, '2023-06-03 18:12:48', '2023-06-03 18:12:48'),
(18, '2023-06-04 17:23:08', 30, 99, 0, 20800, 'Cash on delivery', 'Confirmed', 'Your order has been confirmed.', '0000-00-00 00:00:00', 0, 1, '2023-06-04 09:23:08', '2023-06-04 09:23:08');

-- --------------------------------------------------------

--
-- Table structure for table `tbluseraccount`
--

CREATE TABLE `tbluseraccount` (
  `USERID` int(11) NOT NULL,
  `U_NAME` varchar(122) NOT NULL,
  `U_USERNAME` varchar(122) NOT NULL,
  `U_PASS` varchar(122) NOT NULL,
  `U_ROLE` varchar(30) NOT NULL,
  `USERIMAGE` varchar(255) NOT NULL
) ENGINE=InnoDB DEFAULT CHARSET=latin1 COLLATE=latin1_swedish_ci;

--
-- Dumping data for table `tbluseraccount`
--

INSERT INTO `tbluseraccount` (`USERID`, `U_NAME`, `U_USERNAME`, `U_PASS`, `U_ROLE`, `USERIMAGE`) VALUES
(124, 'Kenjie Palacios', 'kenjie', '4752fe635442d048e8e8d2d1d845e6a578f30470', 'Administrator', 'photos/COC-war-base-design.jpg'),
(126, 'Dave Sumagui', 'dave', 'd033e22ae348aeb5660fc2140aec35850c4da997', 'Administrator', 'photos/10329236_874204835938922_6636897990257224477_n.jpg'),
(127, 'Craig Palacios', 'craig', '9bc34549d565d9505b287de0cd20ac77be1d3f2c', 'Administrator', '');

-- --------------------------------------------------------

--
-- Table structure for table `tblwishlist`
--

CREATE TABLE `tblwishlist` (
  `id` int(11) NOT NULL,
  `CUSID` int(11) NOT NULL,
  `PROID` int(11) NOT NULL,
  `WISHDATE` date NOT NULL,
  `WISHSTATS` text NOT NULL
) ENGINE=InnoDB DEFAULT CHARSET=latin1 COLLATE=latin1_swedish_ci;

--
-- Dumping data for table `tblwishlist`
--

INSERT INTO `tblwishlist` (`id`, `CUSID`, `PROID`, `WISHDATE`, `WISHSTATS`) VALUES
(2, 9, 201742, '2019-08-21', '0');

-- --------------------------------------------------------

--
-- Table structure for table `users`
--

CREATE TABLE `users` (
  `id` int(11) NOT NULL,
  `first_name` varchar(100) NOT NULL,
  `last_name` varchar(100) NOT NULL,
  `address` varchar(100) NOT NULL,
  `city` varchar(100) NOT NULL,
  `zip` varchar(100) NOT NULL,
  `email` varchar(200) NOT NULL,
  `password` varchar(100) DEFAULT NULL,
  `contact_number` varchar(20) DEFAULT NULL,
  `default_picture` varchar(300) DEFAULT NULL,
  `social_link` varchar(100) DEFAULT NULL,
  `created_at` datetime NOT NULL,
  `updated_at` datetime NOT NULL
) ENGINE=InnoDB DEFAULT CHARSET=utf8mb4 COLLATE=utf8mb4_general_ci;

--
-- Indexes for dumped tables
--

--
-- Indexes for table `attendance`
--
ALTER TABLE `attendance`
  ADD PRIMARY KEY (`id`);

--
-- Indexes for table `categories`
--
ALTER TABLE `categories`
  ADD PRIMARY KEY (`id`);

--
-- Indexes for table `category_products`
--
ALTER TABLE `category_products`
  ADD PRIMARY KEY (`id`),
  ADD UNIQUE KEY `category_products_product_id_category_id_unique` (`category_id`,`product_id`),
  ADD KEY `product_id` (`product_id`);

--
-- Indexes for table `collections`
--
ALTER TABLE `collections`
  ADD PRIMARY KEY (`id`);

--
-- Indexes for table `collection_products`
--
ALTER TABLE `collection_products`
  ADD PRIMARY KEY (`id`),
  ADD UNIQUE KEY `collection_products_product_id_collection_id_unique` (`collection_id`,`product_id`),
  ADD KEY `product_id` (`product_id`);

--
-- Indexes for table `employees`
--
ALTER TABLE `employees`
  ADD PRIMARY KEY (`id`),
  ADD KEY `employee_role_id` (`employee_role_id`);

--
-- Indexes for table `employee_roles`
--
ALTER TABLE `employee_roles`
  ADD PRIMARY KEY (`id`);

--
-- Indexes for table `messagein`
--
ALTER TABLE `messagein`
  ADD PRIMARY KEY (`Id`);

--
-- Indexes for table `messagelog`
--
ALTER TABLE `messagelog`
  ADD PRIMARY KEY (`Id`),
  ADD KEY `IDX_MessageId` (`MessageId`,`SendTime`);

--
-- Indexes for table `messageout`
--
ALTER TABLE `messageout`
  ADD PRIMARY KEY (`Id`),
  ADD KEY `IDX_IsRead` (`IsRead`);

--
-- Indexes for table `orders`
--
ALTER TABLE `orders`
  ADD PRIMARY KEY (`id`);

--
-- Indexes for table `order_status`
--
ALTER TABLE `order_status`
  ADD PRIMARY KEY (`id`);

--
-- Indexes for table `payment_status`
--
ALTER TABLE `payment_status`
  ADD PRIMARY KEY (`id`);

--
-- Indexes for table `products`
--
ALTER TABLE `products`
  ADD PRIMARY KEY (`id`);

--
-- Indexes for table `tblautonumber`
--
ALTER TABLE `tblautonumber`
  ADD PRIMARY KEY (`ID`);

--
-- Indexes for table `tblcategory`
--
ALTER TABLE `tblcategory`
  ADD PRIMARY KEY (`CATEGID`);

--
-- Indexes for table `tblcustomer`
--
ALTER TABLE `tblcustomer`
  ADD PRIMARY KEY (`id`);

--
-- Indexes for table `tblorder`
--
ALTER TABLE `tblorder`
  ADD PRIMARY KEY (`ORDERID`),
  ADD KEY `USERID` (`USERID`),
  ADD KEY `PROID` (`PROID`),
  ADD KEY `ORDEREDNUM` (`ORDEREDNUM`);

--
-- Indexes for table `tblproduct`
--
ALTER TABLE `tblproduct`
  ADD PRIMARY KEY (`PROID`),
  ADD KEY `CATEGID` (`CATEGID`);

--
-- Indexes for table `tblpromopro`
--
ALTER TABLE `tblpromopro`
  ADD PRIMARY KEY (`PROMOID`),
  ADD UNIQUE KEY `PROID` (`PROID`);

--
-- Indexes for table `tblsetting`
--
ALTER TABLE `tblsetting`
  ADD PRIMARY KEY (`SETTINGID`);

--
-- Indexes for table `tblstockin`
--
ALTER TABLE `tblstockin`
  ADD PRIMARY KEY (`STOCKINID`),
  ADD KEY `PROID` (`PROID`,`USERID`),
  ADD KEY `USERID` (`USERID`);

--
-- Indexes for table `tblsummary`
--
ALTER TABLE `tblsummary`
  ADD PRIMARY KEY (`SUMMARYID`),
  ADD UNIQUE KEY `ORDEREDNUM` (`ORDEREDNUM`),
  ADD KEY `CUSTOMERID` (`CUSTOMERID`),
  ADD KEY `USERID` (`USERID`);

--
-- Indexes for table `tbluseraccount`
--
ALTER TABLE `tbluseraccount`
  ADD PRIMARY KEY (`USERID`);

--
-- Indexes for table `tblwishlist`
--
ALTER TABLE `tblwishlist`
  ADD PRIMARY KEY (`id`);

--
-- Indexes for table `users`
--
ALTER TABLE `users`
  ADD PRIMARY KEY (`id`);

--
-- AUTO_INCREMENT for dumped tables
--

--
-- AUTO_INCREMENT for table `attendance`
--
ALTER TABLE `attendance`
  MODIFY `id` int(11) NOT NULL AUTO_INCREMENT;

--
-- AUTO_INCREMENT for table `categories`
--
ALTER TABLE `categories`
  MODIFY `id` int(11) NOT NULL AUTO_INCREMENT;

--
-- AUTO_INCREMENT for table `category_products`
--
ALTER TABLE `category_products`
  MODIFY `id` int(11) NOT NULL AUTO_INCREMENT;

--
-- AUTO_INCREMENT for table `collections`
--
ALTER TABLE `collections`
  MODIFY `id` int(11) NOT NULL AUTO_INCREMENT;

--
-- AUTO_INCREMENT for table `collection_products`
--
ALTER TABLE `collection_products`
  MODIFY `id` int(11) NOT NULL AUTO_INCREMENT;

--
-- AUTO_INCREMENT for table `employees`
--
ALTER TABLE `employees`
  MODIFY `id` int(11) NOT NULL AUTO_INCREMENT;

--
-- AUTO_INCREMENT for table `employee_roles`
--
ALTER TABLE `employee_roles`
  MODIFY `id` int(11) NOT NULL AUTO_INCREMENT;

--
-- AUTO_INCREMENT for table `messagein`
--
ALTER TABLE `messagein`
  MODIFY `Id` int(11) NOT NULL AUTO_INCREMENT, AUTO_INCREMENT=7;

--
-- AUTO_INCREMENT for table `messagelog`
--
ALTER TABLE `messagelog`
  MODIFY `Id` int(11) NOT NULL AUTO_INCREMENT, AUTO_INCREMENT=28;

--
-- AUTO_INCREMENT for table `messageout`
--
ALTER TABLE `messageout`
  MODIFY `Id` int(11) NOT NULL AUTO_INCREMENT;

--
-- AUTO_INCREMENT for table `orders`
--
ALTER TABLE `orders`
  MODIFY `id` int(11) NOT NULL AUTO_INCREMENT;

--
-- AUTO_INCREMENT for table `order_status`
--
ALTER TABLE `order_status`
  MODIFY `id` int(11) NOT NULL AUTO_INCREMENT;

--
-- AUTO_INCREMENT for table `payment_status`
--
ALTER TABLE `payment_status`
  MODIFY `id` int(11) NOT NULL AUTO_INCREMENT;

--
-- AUTO_INCREMENT for table `products`
--
ALTER TABLE `products`
  MODIFY `id` int(11) NOT NULL AUTO_INCREMENT;

--
-- AUTO_INCREMENT for table `tblautonumber`
--
ALTER TABLE `tblautonumber`
  MODIFY `ID` int(11) NOT NULL AUTO_INCREMENT, AUTO_INCREMENT=3;

--
-- AUTO_INCREMENT for table `tblcategory`
--
ALTER TABLE `tblcategory`
  MODIFY `CATEGID` int(11) NOT NULL AUTO_INCREMENT, AUTO_INCREMENT=22;

--
-- AUTO_INCREMENT for table `tblcustomer`
--
ALTER TABLE `tblcustomer`
  MODIFY `id` int(11) NOT NULL AUTO_INCREMENT, AUTO_INCREMENT=31;

--
-- AUTO_INCREMENT for table `tblorder`
--
ALTER TABLE `tblorder`
  MODIFY `ORDERID` int(11) NOT NULL AUTO_INCREMENT, AUTO_INCREMENT=58;

--
-- AUTO_INCREMENT for table `tblproduct`
--
ALTER TABLE `tblproduct`
  MODIFY `PROID` int(11) NOT NULL AUTO_INCREMENT, AUTO_INCREMENT=201757;

--
-- AUTO_INCREMENT for table `tblpromopro`
--
ALTER TABLE `tblpromopro`
  MODIFY `PROMOID` int(11) NOT NULL AUTO_INCREMENT, AUTO_INCREMENT=16;

--
-- AUTO_INCREMENT for table `tblsetting`
--
ALTER TABLE `tblsetting`
  MODIFY `SETTINGID` int(11) NOT NULL AUTO_INCREMENT, AUTO_INCREMENT=3;

--
-- AUTO_INCREMENT for table `tblstockin`
--
ALTER TABLE `tblstockin`
  MODIFY `STOCKINID` int(11) NOT NULL AUTO_INCREMENT, AUTO_INCREMENT=8;

--
-- AUTO_INCREMENT for table `tblsummary`
--
ALTER TABLE `tblsummary`
  MODIFY `SUMMARYID` int(11) NOT NULL AUTO_INCREMENT, AUTO_INCREMENT=19;

--
-- AUTO_INCREMENT for table `tbluseraccount`
--
ALTER TABLE `tbluseraccount`
  MODIFY `USERID` int(11) NOT NULL AUTO_INCREMENT, AUTO_INCREMENT=128;

--
-- AUTO_INCREMENT for table `tblwishlist`
--
ALTER TABLE `tblwishlist`
  MODIFY `id` int(11) NOT NULL AUTO_INCREMENT, AUTO_INCREMENT=3;

--
-- AUTO_INCREMENT for table `users`
--
ALTER TABLE `users`
  MODIFY `id` int(11) NOT NULL AUTO_INCREMENT;

--
-- Constraints for dumped tables
--

--
-- Constraints for table `category_products`
--
ALTER TABLE `category_products`
  ADD CONSTRAINT `category_products_ibfk_1` FOREIGN KEY (`category_id`) REFERENCES `categories` (`id`) ON DELETE CASCADE ON UPDATE CASCADE,
  ADD CONSTRAINT `category_products_ibfk_2` FOREIGN KEY (`product_id`) REFERENCES `products` (`id`) ON DELETE CASCADE ON UPDATE CASCADE;

--
-- Constraints for table `collection_products`
--
ALTER TABLE `collection_products`
  ADD CONSTRAINT `collection_products_ibfk_1` FOREIGN KEY (`collection_id`) REFERENCES `collections` (`id`) ON DELETE CASCADE ON UPDATE CASCADE,
  ADD CONSTRAINT `collection_products_ibfk_2` FOREIGN KEY (`product_id`) REFERENCES `products` (`id`) ON DELETE CASCADE ON UPDATE CASCADE;

--
-- Constraints for table `employees`
--
ALTER TABLE `employees`
  ADD CONSTRAINT `employees_ibfk_1` FOREIGN KEY (`employee_role_id`) REFERENCES `employee_roles` (`id`) ON DELETE NO ACTION ON UPDATE CASCADE;
COMMIT;

/*!40101 SET CHARACTER_SET_CLIENT=@OLD_CHARACTER_SET_CLIENT */;
/*!40101 SET CHARACTER_SET_RESULTS=@OLD_CHARACTER_SET_RESULTS */;
/*!40101 SET COLLATION_CONNECTION=@OLD_COLLATION_CONNECTION */;
